abaddon	models/heroes/abaddon/abaddon_shape.vmdl_c
abaddon	models/heroes/abaddon/cape.vmdl_c
abaddon	models/heroes/abaddon/helmet.vmdl_c
abaddon	models/heroes/abaddon/mount.vmdl_c
abaddon	models/heroes/abaddon/shoulders.vmdl_c
abaddon	models/heroes/abaddon/weapon.vmdl_c
abyssal_underlord	models/heroes/abyssal_underlord/mesh/underlord_armor.vmdl_c
abyssal_underlord	models/heroes/abyssal_underlord/mesh/underlord_head.vmdl_c
abyssal_underlord	models/heroes/abyssal_underlord/mesh/underlord_headitem.vmdl_c
abyssal_underlord	models/heroes/abyssal_underlord/mesh/underlord_weapon.vmdl_c
alchemist	models/heroes/alchemist/alchemist_gauntlets.vmdl_c
alchemist	models/heroes/alchemist/alchemist_goblin_body.vmdl_c
alchemist	models/heroes/alchemist/alchemist_goblin_head.vmdl_c
alchemist	models/heroes/alchemist/alchemist_goblinhat.vmdl_c
alchemist	models/heroes/alchemist/alchemist_leftbottle.vmdl_c
alchemist	models/heroes/alchemist/alchemist_ogre_head.vmdl_c
alchemist	models/heroes/alchemist/alchemist_purple_bottle.vmdl_c
alchemist	models/heroes/alchemist/alchemist_saddlehat.vmdl_c
alchemist	models/heroes/alchemist/alchemist_scabbard.vmdl_c
ancient_apparition	models/heroes/ancient_apparition/ancient_apparition_shoulder.vmdl_c
ancient_apparition	models/heroes/ancient_apparition/ancient_apparition_tail.vmdl_c
antimage	models/heroes/antimage/antimage_arms.vmdl_c
antimage	models/heroes/antimage/antimage_belt.vmdl_c
antimage	models/heroes/antimage/antimage_chest.vmdl_c
antimage	models/heroes/antimage/antimage_head.vmdl_c
antimage	models/heroes/antimage/antimage_offhand_weapon.vmdl_c
antimage	models/heroes/antimage/antimage_weapon.vmdl_c
arc_warden	models/heroes/arc_warden/arc_warden_back.vmdl_c
arc_warden	models/heroes/arc_warden/arc_warden_bracers.vmdl_c
arc_warden	models/heroes/arc_warden/arc_warden_shoulder.vmdl_c
axe	models/heroes/axe/axe_armor.vmdl_c
axe	models/heroes/axe/axe_belt.vmdl_c
axe	models/heroes/axe/axe_hair.vmdl_c
axe	models/heroes/axe/axe_ponytail.vmdl_c
axe	models/heroes/axe/axe_weapon.vmdl_c
bane	models/heroes/bane/bane_head.vmdl_c
bane	models/heroes/bane/bane_shoulders.vmdl_c
bane	models/heroes/bane/grip.vmdl_c
batrider	models/heroes/batrider/batrider_belt.vmdl_c
batrider	models/heroes/batrider/batrider_cloak.vmdl_c
batrider	models/heroes/batrider/batrider_head.vmdl_c
batrider	models/heroes/batrider/batrider_molotov.vmdl_c
batrider	models/heroes/batrider/batrider_mount.vmdl_c
batrider	models/heroes/batrider/batrider_weapon.vmdl_c
beastmaster	models/heroes/beastmaster/beastmaster_arms.vmdl_c
beastmaster	models/heroes/beastmaster/beastmaster_belt.vmdl_c
beastmaster	models/heroes/beastmaster/beastmaster_drums_kit.vmdl_c
beastmaster	models/heroes/beastmaster/beastmaster_head.vmdl_c
beastmaster	models/heroes/beastmaster/beastmaster_weapon.vmdl_c
bloodseeker	models/heroes/blood_seeker/belt.vmdl_c
bloodseeker	models/heroes/blood_seeker/cape.vmdl_c
bloodseeker	models/heroes/blood_seeker/helmet.vmdl_c
bloodseeker	models/heroes/blood_seeker/neck.vmdl_c
bloodseeker	models/heroes/blood_seeker/weapon.vmdl_c
bloodseeker	models/heroes/blood_seeker/weapon_offhand.vmdl_c
bounty_hunter	models/heroes/bounty_hunter/bounty_hunter_backpack.vmdl_c
bounty_hunter	models/heroes/bounty_hunter/bounty_hunter_bandana.vmdl_c
bounty_hunter	models/heroes/bounty_hunter/bounty_hunter_bweapon.vmdl_c
bounty_hunter	models/heroes/bounty_hunter/bounty_hunter_lweapon.vmdl_c
bounty_hunter	models/heroes/bounty_hunter/bounty_hunter_pads.vmdl_c
bounty_hunter	models/heroes/bounty_hunter/bounty_hunter_rweapon.vmdl_c
brewmaster	models/heroes/brewmaster/back.vmdl_c
brewmaster	models/heroes/brewmaster/barrel.vmdl_c
brewmaster	models/heroes/brewmaster/bracer.vmdl_c
brewmaster	models/heroes/brewmaster/brewmaster_firespirit.vmdl_c
brewmaster	models/heroes/brewmaster/brewmaster_mug.vmdl_c
brewmaster	models/heroes/brewmaster/brewmaster_voidspirit.vmdl_c
brewmaster	models/heroes/brewmaster/shoulder.vmdl_c
brewmaster	models/heroes/brewmaster/weapon.vmdl_c
bristleback	models/heroes/bristleback/bristleback_back.vmdl_c
bristleback	models/heroes/bristleback/bristleback_bracer.vmdl_c
bristleback	models/heroes/bristleback/bristleback_head.vmdl_c
bristleback	models/heroes/bristleback/bristleback_necklace.vmdl_c
bristleback	models/heroes/bristleback/bristleback_offhand_weapon.vmdl_c
bristleback	models/heroes/bristleback/bristleback_weapon.vmdl_c
broodmother	models/heroes/broodmother/broodmother_abdomen.vmdl_c
broodmother	models/heroes/broodmother/broodmother_hair.vmdl_c
broodmother	models/heroes/broodmother/broodmother_legs.vmdl_c
broodmother	models/heroes/broodmother/spidersack.vmdl_c
centaur	models/heroes/centaur/belt.vmdl_c
centaur	models/heroes/centaur/bracer.vmdl_c
centaur	models/heroes/centaur/headitem.vmdl_c
centaur	models/heroes/centaur/shield.vmdl_c
centaur	models/heroes/centaur/shoulder.vmdl_c
centaur	models/heroes/centaur/tail.vmdl_c
centaur	models/heroes/centaur/weapon.vmdl_c
chaos_knight	models/heroes/chaos_knight/chaos_knight_helmet.vmdl_c
chaos_knight	models/heroes/chaos_knight/chaos_knight_horse_amour.vmdl_c
chaos_knight	models/heroes/chaos_knight/chaos_knight_horse_head.vmdl_c
chaos_knight	models/heroes/chaos_knight/chaos_knight_mace.vmdl_c
chaos_knight	models/heroes/chaos_knight/chaos_knight_mount.vmdl_c
chaos_knight	models/heroes/chaos_knight/chaos_knight_shoulderpads.vmdl_c
chen	models/heroes/chen/bracers.vmdl_c
chen	models/heroes/chen/helmet.vmdl_c
chen	models/heroes/chen/mount.vmdl_c
chen	models/heroes/chen/mount_armor.vmdl_c
chen	models/heroes/chen/shoulders.vmdl_c
chen	models/heroes/chen/weapon.vmdl_c
clinkz	models/heroes/clinkz/clinkz_archer.vmdl_c
clinkz	models/heroes/clinkz/clinkz_back.vmdl_c
clinkz	models/heroes/clinkz/clinkz_bow.vmdl_c
clinkz	models/heroes/clinkz/clinkz_gloves.vmdl_c
clinkz	models/heroes/clinkz/clinkz_head.vmdl_c
clinkz	models/heroes/clinkz/clinkz_horns.vmdl_c
clinkz	models/heroes/clinkz/clinkz_pads.vmdl_c
crystal_maiden	models/heroes/crystal_maiden/crystal_maiden_cape.vmdl_c
crystal_maiden	models/heroes/crystal_maiden/crystal_maiden_cuffs.vmdl_c
crystal_maiden	models/heroes/crystal_maiden/crystal_maiden_shoulders.vmdl_c
crystal_maiden	models/heroes/crystal_maiden/crystal_maiden_staff.vmdl_c
crystal_maiden	models/heroes/crystal_maiden/head_item.vmdl_c
dark_seer	models/heroes/dark_seer/dark_seer_arm.vmdl_c
dark_seer	models/heroes/dark_seer/dark_seer_back.vmdl_c
dark_seer	models/heroes/dark_seer/dark_seer_head.vmdl_c
dark_seer	models/heroes/dark_seer/dark_seer_neck.vmdl_c
dark_seer	models/heroes/dark_seer/dark_seer_test.vmdl_c
dark_seer	models/heroes/dark_seer/dark_seer_waist.vmdl_c
dark_seer	models/heroes/dark_seer/darkseer_sfm.vmdl_c
dark_willow	models/heroes/dark_willow/dark_willow_armor.vmdl_c
dark_willow	models/heroes/dark_willow/dark_willow_cage_duel.vmdl_c
dark_willow	models/heroes/dark_willow/dark_willow_chakram.vmdl_c
dark_willow	models/heroes/dark_willow/dark_willow_head.vmdl_c
dark_willow	models/heroes/dark_willow/dark_willow_model_sfm.vmdl_c
dark_willow	models/heroes/dark_willow/dark_willow_offhand.vmdl_c
dark_willow	models/heroes/dark_willow/dark_willow_taunt_rose.vmdl_c
dark_willow	models/heroes/dark_willow/dark_willow_thorn.vmdl_c
dark_willow	models/heroes/dark_willow/dark_willow_wings.vmdl_c
dark_willow	models/heroes/dark_willow/dark_willow_wisp.vmdl_c
dawnbreaker	models/heroes/dawnbreaker/dawnbreaker_armor.vmdl_c
dawnbreaker	models/heroes/dawnbreaker/dawnbreaker_arms.vmdl_c
dawnbreaker	models/heroes/dawnbreaker/dawnbreaker_head.vmdl_c
dawnbreaker	models/heroes/dawnbreaker/dawnbreaker_weapon.vmdl_c
dazzle	models/heroes/dazzle/dazzle_dress.vmdl_c
dazzle	models/heroes/dazzle/dazzle_mohawk.vmdl_c
dazzle	models/heroes/dazzle/dazzle_shoulder.vmdl_c
dazzle	models/heroes/dazzle/dazzle_sleeve.vmdl_c
dazzle	models/heroes/dazzle/dazzle_staff.vmdl_c
death_prophet	models/heroes/death_prophet/death_prophet_arm.vmdl_c
death_prophet	models/heroes/death_prophet/death_prophet_dress.vmdl_c
death_prophet	models/heroes/death_prophet/death_prophet_dresstop.vmdl_c
death_prophet	models/heroes/death_prophet/death_prophet_hair.vmdl_c
death_prophet	models/heroes/death_prophet/death_prophet_scarf.vmdl_c
death_prophet	models/heroes/death_prophet/death_prophet_vortex.vmdl_c
disruptor	models/heroes/disruptor/back.vmdl_c
disruptor	models/heroes/disruptor/bracers.vmdl_c
disruptor	models/heroes/disruptor/disruptor_thunderator.vmdl_c
disruptor	models/heroes/disruptor/hair.vmdl_c
disruptor	models/heroes/disruptor/mount.vmdl_c
disruptor	models/heroes/disruptor/shoulder.vmdl_c
disruptor	models/heroes/disruptor/weapon.vmdl_c
doom_bringer	models/heroes/doom/belt.vmdl_c
doom_bringer	models/heroes/doom/bracer.vmdl_c
doom_bringer	models/heroes/doom/doom_helm.vmdl_c
doom_bringer	models/heroes/doom/doom_sword.vmdl_c
doom_bringer	models/heroes/doom/shoulders.vmdl_c
doom_bringer	models/heroes/doom/tail.vmdl_c
doom_bringer	models/heroes/doom/wings.vmdl_c
dragon_knight	models/heroes/dragon_knight/bracers.vmdl_c
dragon_knight	models/heroes/dragon_knight/helmet.vmdl_c
dragon_knight	models/heroes/dragon_knight/shield.vmdl_c
dragon_knight	models/heroes/dragon_knight/shoulders.vmdl_c
dragon_knight	models/heroes/dragon_knight/skirt.vmdl_c
dragon_knight	models/heroes/dragon_knight/weapon.vmdl_c
drow_ranger	models/heroes/drow/drow_armor.vmdl_c
drow_ranger	models/heroes/drow/drow_bracer.vmdl_c
drow_ranger	models/heroes/drow/drow_cape.vmdl_c
drow_ranger	models/heroes/drow/drow_haircowl.vmdl_c
drow_ranger	models/heroes/drow/drow_legs.vmdl_c
drow_ranger	models/heroes/drow/drow_quiver.vmdl_c
drow_ranger	models/heroes/drow/drow_weapon.vmdl_c
earth_spirit	models/heroes/earth_spirit/earth_spirit_arms.vmdl_c
earth_spirit	models/heroes/earth_spirit/earth_spirit_belt.vmdl_c
earth_spirit	models/heroes/earth_spirit/earth_spirit_hair.vmdl_c
earth_spirit	models/heroes/earth_spirit/earth_spirit_hat.vmdl_c
earth_spirit	models/heroes/earth_spirit/earth_spirit_hatbelt.vmdl_c
earth_spirit	models/heroes/earth_spirit/earth_spirit_head.vmdl_c
earth_spirit	models/heroes/earth_spirit/earth_spirit_staff.vmdl_c
earth_spirit	models/heroes/earth_spirit/earth_spirit_torso.vmdl_c
earthshaker	models/heroes/earthshaker/belt.vmdl_c
earthshaker	models/heroes/earthshaker/bracers_refit.vmdl_c
earthshaker	models/heroes/earthshaker/totem.vmdl_c
elder_titan	models/heroes/elder_titan/elder_titan_bracer.vmdl_c
elder_titan	models/heroes/elder_titan/elder_titan_hair.vmdl_c
elder_titan	models/heroes/elder_titan/elder_titan_hammer.vmdl_c
elder_titan	models/heroes/elder_titan/elder_titan_shoulder.vmdl_c
ember_spirit	models/heroes/ember_spirit/arm.vmdl_c
ember_spirit	models/heroes/ember_spirit/back.vmdl_c
ember_spirit	models/heroes/ember_spirit/belt.vmdl_c
ember_spirit	models/heroes/ember_spirit/head.vmdl_c
ember_spirit	models/heroes/ember_spirit/shoulder.vmdl_c
ember_spirit	models/heroes/ember_spirit/weapon1.vmdl_c
ember_spirit	models/heroes/ember_spirit/weapon2.vmdl_c
enchantress	models/heroes/enchantress/enchantress_bracers.vmdl_c
enchantress	models/heroes/enchantress/enchantress_dress.vmdl_c
enchantress	models/heroes/enchantress/enchantress_flower.vmdl_c
enchantress	models/heroes/enchantress/enchantress_hair.vmdl_c
enchantress	models/heroes/enchantress/enchantress_necklace.vmdl_c
enchantress	models/heroes/enchantress/enchantress_spear.vmdl_c
enchantress	models/heroes/enchantress/enchantress_weapon.vmdl_c
faceless_void	models/heroes/faceless_void/faceless_void_belt.vmdl_c
faceless_void	models/heroes/faceless_void/faceless_void_body.vmdl_c
faceless_void	models/heroes/faceless_void/faceless_void_head.vmdl_c
faceless_void	models/heroes/faceless_void/faceless_void_shoulder.vmdl_c
faceless_void	models/heroes/faceless_void/faceless_void_taunt.vmdl_c
faceless_void	models/heroes/faceless_void/faceless_void_weapon.vmdl_c
furion	models/heroes/furion/furion_beard.vmdl_c
furion	models/heroes/furion/furion_bracer.vmdl_c
furion	models/heroes/furion/furion_cape.vmdl_c
furion	models/heroes/furion/furion_horns.vmdl_c
furion	models/heroes/furion/furion_necklace.vmdl_c
furion	models/heroes/furion/furion_staff.vmdl_c
furion	models/heroes/furion/treant.vmdl_c
grimstroke	models/heroes/grimstroke/grimstroke_armor.vmdl_c
grimstroke	models/heroes/grimstroke/grimstroke_black_gradient.vmdl_c
grimstroke	models/heroes/grimstroke/grimstroke_head_item.vmdl_c
grimstroke	models/heroes/grimstroke/grimstroke_skirt.vmdl_c
grimstroke	models/heroes/grimstroke/grimstroke_soul_chain_link.vmdl_c
grimstroke	models/heroes/grimstroke/grimstroke_weapon.vmdl_c
grimstroke	models/heroes/grimstroke/ink_phantom.vmdl_c
gyrocopter	models/heroes/gyro/gyro_bottles.vmdl_c
gyrocopter	models/heroes/gyro/gyro_gloves.vmdl_c
gyrocopter	models/heroes/gyro/gyro_goggles.vmdl_c
gyrocopter	models/heroes/gyro/gyro_guns.vmdl_c
gyrocopter	models/heroes/gyro/gyro_head.vmdl_c
gyrocopter	models/heroes/gyro/gyro_propeller.vmdl_c
gyrocopter	models/heroes/gyro/gyro_sidegunner.vmdl_c
hoodwink	models/heroes/hoodwink/hoodwink_costume.vmdl_c
hoodwink	models/heroes/hoodwink/hoodwink_crossbow.vmdl_c
hoodwink	models/heroes/hoodwink/hoodwink_hood.vmdl_c
hoodwink	models/heroes/hoodwink/hoodwink_tail.vmdl_c
huskar	models/heroes/huskar/huskar_bracer.vmdl_c
huskar	models/heroes/huskar/huskar_dagger.vmdl_c
huskar	models/heroes/huskar/huskar_helmet.vmdl_c
huskar	models/heroes/huskar/huskar_shoulder.vmdl_c
huskar	models/heroes/huskar/huskar_spear.vmdl_c
invoker	models/heroes/invoker/invoker_bracer.vmdl_c
invoker	models/heroes/invoker/invoker_cape.vmdl_c
invoker	models/heroes/invoker/invoker_dress.vmdl_c
invoker	models/heroes/invoker/invoker_hair.vmdl_c
invoker	models/heroes/invoker/invoker_head.vmdl_c
invoker	models/heroes/invoker/invoker_ice_spike.vmdl_c
invoker	models/heroes/invoker/invoker_shoulder.vmdl_c
jakiro	models/heroes/jakiro/jakiro_wings.vmdl_c
juggernaut	models/heroes/juggernaut/jugg_bracers.vmdl_c
juggernaut	models/heroes/juggernaut/jugg_cape.vmdl_c
juggernaut	models/heroes/juggernaut/jugg_mask.vmdl_c
juggernaut	models/heroes/juggernaut/jugg_sword.vmdl_c
juggernaut	models/heroes/juggernaut/juggernaut_pants.vmdl_c
keeper_of_the_light	models/heroes/keeper_of_the_light/kotl_hood.vmdl_c
keeper_of_the_light	models/heroes/keeper_of_the_light/kotl_horse.vmdl_c
keeper_of_the_light	models/heroes/keeper_of_the_light/kotl_horse_accesories.vmdl_c
keeper_of_the_light	models/heroes/keeper_of_the_light/kotl_skirt.vmdl_c
keeper_of_the_light	models/heroes/keeper_of_the_light/kotl_staff.vmdl_c
kez	models/heroes/kez/kez_belt.vmdl_c
kez	models/heroes/kez/kez_dagger.vmdl_c
kez	models/heroes/kez/kez_feathers.vmdl_c
kez	models/heroes/kez/kez_head.vmdl_c
kez	models/heroes/kez/kez_kunai.vmdl_c
kez	models/heroes/kez/kez_offhand.vmdl_c
kez	models/heroes/kez/kez_sai.vmdl_c
kez	models/heroes/kez/kez_sfm.vmdl_c
kez	models/heroes/kez/kez_shoulder.vmdl_c
kez	models/heroes/kez/kez_silence.vmdl_c
kez	models/heroes/kez/kez_weapon.vmdl_c
kunkka	models/heroes/kunkka/kunkka_feet.vmdl_c
kunkka	models/heroes/kunkka/kunkka_hair.vmdl_c
kunkka	models/heroes/kunkka/kunkka_hands.vmdl_c
kunkka	models/heroes/kunkka/kunkka_shoulders.vmdl_c
kunkka	models/heroes/kunkka/kunkka_spyglass.vmdl_c
kunkka	models/heroes/kunkka/kunkka_sword.vmdl_c
largo	models/heroes/bard/bard_frog_drum.vmdl_c
largo	models/heroes/bard/bard_frog_lookdev.vmdl_c
largo	models/heroes/bard/bard_frog_lowerbody.vmdl_c
largo	models/heroes/bard/bard_frog_sandal.vmdl_c
largo	models/heroes/bard/bard_frog_upperbody.vmdl_c
largo	models/heroes/bard/bard_frog_weapon.vmdl_c
largo	models/heroes/bard/bard_frogling.vmdl_c
largo	models/heroes/bard/bard_frogling_lookdev.vmdl_c
legion_commander	models/heroes/legion_commander/legion_commander_arms.vmdl_c
legion_commander	models/heroes/legion_commander/legion_commander_back.vmdl_c
legion_commander	models/heroes/legion_commander/legion_commander_head.vmdl_c
legion_commander	models/heroes/legion_commander/legion_commander_shoulders.vmdl_c
legion_commander	models/heroes/legion_commander/legion_commander_weapon.vmdl_c
leshrac	models/heroes/leshrac/leshrac_armor.vmdl_c
leshrac	models/heroes/leshrac/leshrac_arms.vmdl_c
leshrac	models/heroes/leshrac/leshrac_head.vmdl_c
leshrac	models/heroes/leshrac/leshrac_tail.vmdl_c
lich	models/heroes/lich/lich_bracer.vmdl_c
lich	models/heroes/lich/lich_dress.vmdl_c
lich	models/heroes/lich/lich_horns.vmdl_c
lich	models/heroes/lich/lich_neck_rock.vmdl_c
life_stealer	models/heroes/life_stealer/life_stealer_loincloth.vmdl_c
lina	models/heroes/lina/lina_arms.vmdl_c
lina	models/heroes/lina/lina_belt.vmdl_c
lina	models/heroes/lina/lina_head.vmdl_c
lina	models/heroes/lina/lina_neck.vmdl_c
lion	models/heroes/lion/lion_cape.vmdl_c
lion	models/heroes/lion/lion_demonarm.vmdl_c
lion	models/heroes/lion/lion_hat.vmdl_c
lion	models/heroes/lion/lion_shoulder.vmdl_c
lion	models/heroes/lion/lion_weapon.vmdl_c
lone_druid	models/heroes/lone_druid/arms.vmdl_c
lone_druid	models/heroes/lone_druid/body.vmdl_c
lone_druid	models/heroes/lone_druid/head.vmdl_c
lone_druid	models/heroes/lone_druid/shoulder.vmdl_c
lone_druid	models/heroes/lone_druid/true_form.vmdl_c
lone_druid	models/heroes/lone_druid/weapon.vmdl_c
luna	models/heroes/luna/luna_head.vmdl_c
luna	models/heroes/luna/luna_helmet.vmdl_c
luna	models/heroes/luna/luna_mount.vmdl_c
luna	models/heroes/luna/luna_shoulder.vmdl_c
luna	models/heroes/luna/luna_weapon.vmdl_c
lycan	models/heroes/lycan/lycan_armor.vmdl_c
lycan	models/heroes/lycan/lycan_belt.vmdl_c
lycan	models/heroes/lycan/lycan_blades.vmdl_c
lycan	models/heroes/lycan/lycan_fur.vmdl_c
lycan	models/heroes/lycan/lycan_head.vmdl_c
magnataur	models/heroes/magnataur/magnataur_belt.vmdl_c
magnataur	models/heroes/magnataur/magnataur_bracers.vmdl_c
magnataur	models/heroes/magnataur/magnataur_hair.vmdl_c
magnataur	models/heroes/magnataur/magnataur_horn.vmdl_c
magnataur	models/heroes/magnataur/magnataur_weapon.vmdl_c
marci	models/heroes/marci/drumstick.vmdl_c
marci	models/heroes/marci/marci_back.vmdl_c
marci	models/heroes/marci/marci_costume.vmdl_c
marci	models/heroes/marci/marci_head.vmdl_c
marci	models/heroes/marci/marci_shoulders.vmdl_c
marci	models/heroes/marci/sidekick_sigil.vmdl_c
mars	models/heroes/mars/mars_lower.vmdl_c
mars	models/heroes/mars/mars_shield.vmdl_c
mars	models/heroes/mars/mars_spear.vmdl_c
mars	models/heroes/mars/mars_upper.vmdl_c
medusa	models/heroes/medusa/medusa_arms.vmdl_c
medusa	models/heroes/medusa/medusa_bow.vmdl_c
medusa	models/heroes/medusa/medusa_tail.vmdl_c
medusa	models/heroes/medusa/medusa_torso.vmdl_c
medusa	models/heroes/medusa/medusa_veil.vmdl_c
meepo	models/heroes/meepo/bracers.vmdl_c
meepo	models/heroes/meepo/hood.vmdl_c
meepo	models/heroes/meepo/meepo_weapon.vmdl_c
meepo	models/heroes/meepo/megameepo.vmdl_c
meepo	models/heroes/meepo/pack.vmdl_c
meepo	models/heroes/meepo/shoulders.vmdl_c
meepo	models/heroes/meepo/tail.vmdl_c
mirana	models/heroes/mirana/bow.vmdl_c
mirana	models/heroes/mirana/bracers.vmdl_c
mirana	models/heroes/mirana/cape.vmdl_c
mirana	models/heroes/mirana/head_item.vmdl_c
mirana	models/heroes/mirana/mirana_javelin.vmdl_c
mirana	models/heroes/mirana/mount.vmdl_c
mirana	models/heroes/mirana/quiver.vmdl_c
mirana	models/heroes/mirana/shoulders.vmdl_c
monkey_king	models/heroes/monkey_king/monkey_king_armor.vmdl_c
monkey_king	models/heroes/monkey_king/monkey_king_base_weapon.vmdl_c
monkey_king	models/heroes/monkey_king/monkey_king_cape.vmdl_c
monkey_king	models/heroes/monkey_king/monkey_king_hair.vmdl_c
monkey_king	models/heroes/monkey_king/monkey_king_shoulders.vmdl_c
monkey_king	models/heroes/monkey_king/monkey_king_taunt_bananas.vmdl_c
monkey_king	models/heroes/monkey_king/transform_invisiblebox.vmdl_c
morphling	models/heroes/morphling/morphling_body_fluid.vmdl_c
morphling	models/heroes/morphling/morphling_fluid.vmdl_c
morphling	models/heroes/morphling/morphling_head_fluid.vmdl_c
morphling	models/heroes/morphling/prowreference.vmdl_c
muerta	models/heroes/muerta/muerta_armor.vmdl_c
muerta	models/heroes/muerta/muerta_head.vmdl_c
muerta	models/heroes/muerta/muerta_ult.vmdl_c
muerta	models/heroes/muerta/muerta_weapons.vmdl_c
naga_siren	models/heroes/siren/siren_armor.vmdl_c
naga_siren	models/heroes/siren/siren_hair.vmdl_c
naga_siren	models/heroes/siren/siren_tail.vmdl_c
naga_siren	models/heroes/siren/siren_weapon.vmdl_c
naga_siren	models/heroes/siren/siren_weapon_offhand.vmdl_c
necrolyte	models/heroes/necrolyte/beard.vmdl_c
necrolyte	models/heroes/necrolyte/hat.vmdl_c
necrolyte	models/heroes/necrolyte/legs.vmdl_c
necrolyte	models/heroes/necrolyte/necrolyte_sickle.vmdl_c
necrolyte	models/heroes/necrolyte/necrolyte_skull.vmdl_c
necrolyte	models/heroes/necrolyte/shoulders.vmdl_c
nevermore	models/heroes/shadow_fiend/fx_rocks.vmdl_c
nevermore	models/heroes/shadow_fiend/pedestal_sf.vmdl_c
nevermore	models/heroes/shadow_fiend/shadow_fiend_arms.vmdl_c
nevermore	models/heroes/shadow_fiend/shadow_fiend_head.vmdl_c
nevermore	models/heroes/shadow_fiend/shadow_fiend_shoulders.vmdl_c
night_stalker	models/heroes/nightstalker/nightstalker_legarmor.vmdl_c
night_stalker	models/heroes/nightstalker/nightstalker_legarmor_night.vmdl_c
night_stalker	models/heroes/nightstalker/nightstalker_night.vmdl_c
night_stalker	models/heroes/nightstalker/nightstalker_tail.vmdl_c
night_stalker	models/heroes/nightstalker/nightstalker_tail_night.vmdl_c
night_stalker	models/heroes/nightstalker/nightstalker_wings.vmdl_c
night_stalker	models/heroes/nightstalker/nightstalker_wings_night.vmdl_c
nyx_assassin	models/heroes/nerubian_assassin/nerubian_assassin_armor.vmdl_c
nyx_assassin	models/heroes/nerubian_assassin/nerubian_assassin_helmet.vmdl_c
nyx_assassin	models/heroes/nerubian_assassin/nerubian_assassin_weapon.vmdl_c
obsidian_destroyer	models/heroes/obsidian_destroyer/obsidian_destroyer_head.vmdl_c
obsidian_destroyer	models/heroes/obsidian_destroyer/obsidian_destroyer_horns.vmdl_c
obsidian_destroyer	models/heroes/obsidian_destroyer/obsidian_destroyer_rocks.vmdl_c
obsidian_destroyer	models/heroes/obsidian_destroyer/obsidian_destroyer_weapon.vmdl_c
obsidian_destroyer	models/heroes/obsidian_destroyer/obsidian_destroyer_wings.vmdl_c
ogre_magi	models/heroes/ogre_magi/ogre_magi_belt.vmdl_c
ogre_magi	models/heroes/ogre_magi/ogre_magi_bracers.vmdl_c
ogre_magi	models/heroes/ogre_magi/ogre_magi_cape.vmdl_c
ogre_magi	models/heroes/ogre_magi/ogre_magi_hats.vmdl_c
ogre_magi	models/heroes/ogre_magi/ogre_magi_weapon.vmdl_c
omniknight	models/heroes/omniknight/bracer.vmdl_c
omniknight	models/heroes/omniknight/cape.vmdl_c
omniknight	models/heroes/omniknight/hair.vmdl_c
omniknight	models/heroes/omniknight/hammer.vmdl_c
omniknight	models/heroes/omniknight/head.vmdl_c
omniknight	models/heroes/omniknight/shoulder.vmdl_c
oracle	models/heroes/oracle/armor.vmdl_c
oracle	models/heroes/oracle/back_item.vmdl_c
oracle	models/heroes/oracle/head_item.vmdl_c
oracle	models/heroes/oracle/weapon.vmdl_c
pangolier	models/heroes/pangolier/fx_pangolier_arm.vmdl_c
pangolier	models/heroes/pangolier/pangolier_armor.vmdl_c
pangolier	models/heroes/pangolier/pangolier_gyroshell.vmdl_c
pangolier	models/heroes/pangolier/pangolier_gyroshell2.vmdl_c
pangolier	models/heroes/pangolier/pangolier_head.vmdl_c
pangolier	models/heroes/pangolier/pangolier_heartpiercer.vmdl_c
pangolier	models/heroes/pangolier/pangolier_heartpiercer_heart.vmdl_c
pangolier	models/heroes/pangolier/pangolier_midsize.vmdl_c
pangolier	models/heroes/pangolier/pangolier_round.vmdl_c
pangolier	models/heroes/pangolier/pangolier_weapon.vmdl_c
phantom_assassin	models/heroes/phantom_assassin/phantom_assassin_cape.vmdl_c
phantom_assassin	models/heroes/phantom_assassin/phantom_assassin_daggers.vmdl_c
phantom_assassin	models/heroes/phantom_assassin/phantom_assassin_helmet.vmdl_c
phantom_assassin	models/heroes/phantom_assassin/phantom_assassin_shoulders.vmdl_c
phantom_assassin	models/heroes/phantom_assassin/phantom_assassin_weapon.vmdl_c
phantom_lancer	models/heroes/phantom_lancer/phantom_lancer_belt.vmdl_c
phantom_lancer	models/heroes/phantom_lancer/phantom_lancer_gauntlet.vmdl_c
phantom_lancer	models/heroes/phantom_lancer/phantom_lancer_head.vmdl_c
phantom_lancer	models/heroes/phantom_lancer/phantom_lancer_shoulderpad.vmdl_c
phantom_lancer	models/heroes/phantom_lancer/phantom_lancer_weapon.vmdl_c
phoenix	models/heroes/phoenix/phoenix_bird_head.vmdl_c
phoenix	models/heroes/phoenix/phoenix_wings.vmdl_c
primal_beast	models/heroes/primal_beast/primal_beast_armor.vmdl_c
primal_beast	models/heroes/primal_beast/primal_beast_back.vmdl_c
primal_beast	models/heroes/primal_beast/primal_beast_leg.vmdl_c
primal_beast	models/heroes/primal_beast/primal_beast_materials_test.vmdl_c
puck	models/heroes/puck/puck_horns.vmdl_c
puck	models/heroes/puck/puck_tail.vmdl_c
puck	models/heroes/puck/puck_wings.vmdl_c
pudge	models/heroes/pudge/back.vmdl_c
pudge	models/heroes/pudge/back_refit.vmdl_c
pudge	models/heroes/pudge/belt.vmdl_c
pudge	models/heroes/pudge/bracer.vmdl_c
pudge	models/heroes/pudge/hair.vmdl_c
pudge	models/heroes/pudge/leftarm.vmdl_c
pudge	models/heroes/pudge/leftweapon.vmdl_c
pudge	models/heroes/pudge/righthook.vmdl_c
pudge	models/heroes/pudge/weapon.vmdl_c
pugna	models/heroes/pugna/pugna_belt.vmdl_c
pugna	models/heroes/pugna/pugna_bracers.vmdl_c
pugna	models/heroes/pugna/pugna_cape.vmdl_c
pugna	models/heroes/pugna/pugna_head.vmdl_c
pugna	models/heroes/pugna/pugna_shoulder.vmdl_c
pugna	models/heroes/pugna/pugna_ward.vmdl_c
pugna	models/heroes/pugna/pugna_weapon.vmdl_c
queenofpain	models/heroes/queenofpain/hair.vmdl_c
queenofpain	models/heroes/queenofpain/qop_taunt_whip.vmdl_c
queenofpain	models/heroes/queenofpain/queenofpain_legs.vmdl_c
queenofpain	models/heroes/queenofpain/queenofpain_weapon.vmdl_c
queenofpain	models/heroes/queenofpain/shadow_strike.vmdl_c
queenofpain	models/heroes/queenofpain/shoulders.vmdl_c
queenofpain	models/heroes/queenofpain/wings.vmdl_c
rattletrap	models/heroes/rattletrap/rattletrap_armor.vmdl_c
rattletrap	models/heroes/rattletrap/rattletrap_cog.vmdl_c
rattletrap	models/heroes/rattletrap/rattletrap_cog_rubick.vmdl_c
rattletrap	models/heroes/rattletrap/rattletrap_head.vmdl_c
rattletrap	models/heroes/rattletrap/rattletrap_hook.vmdl_c
rattletrap	models/heroes/rattletrap/rattletrap_hookshot.vmdl_c
rattletrap	models/heroes/rattletrap/rattletrap_rocket.vmdl_c
rattletrap	models/heroes/rattletrap/rattletrap_weapon.vmdl_c
razor	models/heroes/razor/razor_armor.vmdl_c
razor	models/heroes/razor/razor_bracers.vmdl_c
razor	models/heroes/razor/razor_head.vmdl_c
razor	models/heroes/razor/razor_robe.vmdl_c
razor	models/heroes/razor/razor_robe_refit.vmdl_c
razor	models/heroes/razor/razor_weapon.vmdl_c
riki	models/heroes/rikimaru/rikimaru__offhand_weapon.vmdl_c
riki	models/heroes/rikimaru/rikimaru_gloves.vmdl_c
riki	models/heroes/rikimaru/rikimaru_head.vmdl_c
riki	models/heroes/rikimaru/rikimaru_shoulder.vmdl_c
riki	models/heroes/rikimaru/rikimaru_tail.vmdl_c
riki	models/heroes/rikimaru/rikimaru_weapon.vmdl_c
ringmaster	models/heroes/ringmaster/ringmaster_armor.vmdl_c
ringmaster	models/heroes/ringmaster/ringmaster_belt.vmdl_c
ringmaster	models/heroes/ringmaster/ringmaster_hands.vmdl_c
ringmaster	models/heroes/ringmaster/ringmaster_head.vmdl_c
ringmaster	models/heroes/ringmaster/ringmaster_weapon.vmdl_c
ringmaster	models/heroes/ringmaster/ringmaster_whip.vmdl_c
rubick	models/heroes/rubick/cape.vmdl_c
rubick	models/heroes/rubick/rubick_head.vmdl_c
rubick	models/heroes/rubick/rubick_staff.vmdl_c
rubick	models/heroes/rubick/rubick_tree.vmdl_c
rubick	models/heroes/rubick/shoulder.vmdl_c
sand_king	models/heroes/sand_king/sand_king_arms.vmdl_c
sand_king	models/heroes/sand_king/sand_king_head.vmdl_c
sand_king	models/heroes/sand_king/sand_king_legs.vmdl_c
sand_king	models/heroes/sand_king/sand_king_shoulder.vmdl_c
sand_king	models/heroes/sand_king/sand_king_tail.vmdl_c
shadow_demon	models/heroes/shadow_demon/shadow_demon_belt.vmdl_c
shadow_demon	models/heroes/shadow_demon/shadow_demon_cape.vmdl_c
shadow_demon	models/heroes/shadow_demon/shadow_demon_chain.vmdl_c
shadow_demon	models/heroes/shadow_demon/shadow_demon_tail.vmdl_c
shadow_shaman	models/heroes/shadowshaman/armarmor.vmdl_c
shadow_shaman	models/heroes/shadowshaman/belt.vmdl_c
shadow_shaman	models/heroes/shadowshaman/head.vmdl_c
shadow_shaman	models/heroes/shadowshaman/helmet.vmdl_c
shadow_shaman	models/heroes/shadowshaman/weapon.vmdl_c
shadow_shaman	models/heroes/shadowshaman/weapon_offhand.vmdl_c
shredder	models/heroes/shredder/shredder_armor.vmdl_c
shredder	models/heroes/shredder/shredder_blade.vmdl_c
shredder	models/heroes/shredder/shredder_body.vmdl_c
shredder	models/heroes/shredder/shredder_chainsaw.vmdl_c
shredder	models/heroes/shredder/shredder_chakram.vmdl_c
shredder	models/heroes/shredder/shredder_driver_hat.vmdl_c
shredder	models/heroes/shredder/shredder_hook.vmdl_c
shredder	models/heroes/shredder/shredder_shoulders.vmdl_c
silencer	models/heroes/silencer/silencer_helmet.vmdl_c
silencer	models/heroes/silencer/silencer_robe.vmdl_c
silencer	models/heroes/silencer/silencer_shoulder.vmdl_c
silencer	models/heroes/silencer/silencer_weapon.vmdl_c
skeleton_king	models/heroes/wraith_king/wraith_frost.vmdl_c
skeleton_king	models/heroes/wraith_king/wraith_king_cape.vmdl_c
skeleton_king	models/heroes/wraith_king/wraith_king_chest.vmdl_c
skeleton_king	models/heroes/wraith_king/wraith_king_gauntlet.vmdl_c
skeleton_king	models/heroes/wraith_king/wraith_king_head.vmdl_c
skeleton_king	models/heroes/wraith_king/wraith_king_prop.vmdl_c
skeleton_king	models/heroes/wraith_king/wraith_king_shoulder.vmdl_c
skeleton_king	models/heroes/wraith_king/wraith_king_weapon.vmdl_c
skywrath_mage	models/heroes/skywrath_mage/arcane_bolt_hawk.vmdl_c
skywrath_mage	models/heroes/skywrath_mage/crownfall_fishing_rod.vmdl_c
skywrath_mage	models/heroes/skywrath_mage/skywrath_mage_belt.vmdl_c
skywrath_mage	models/heroes/skywrath_mage/skywrath_mage_bracers.vmdl_c
skywrath_mage	models/heroes/skywrath_mage/skywrath_mage_head.vmdl_c
skywrath_mage	models/heroes/skywrath_mage/skywrath_mage_shoulders.vmdl_c
skywrath_mage	models/heroes/skywrath_mage/skywrath_mage_staff.vmdl_c
skywrath_mage	models/heroes/skywrath_mage/skywrath_mage_wings.vmdl_c
slardar	models/heroes/slardar/slardar_arms.vmdl_c
slardar	models/heroes/slardar/slardar_back.vmdl_c
slardar	models/heroes/slardar/slardar_weapon.vmdl_c
slark	models/heroes/slark/bracer.vmdl_c
slark	models/heroes/slark/cape.vmdl_c
slark	models/heroes/slark/fish_bait.vmdl_c
slark	models/heroes/slark/hood.vmdl_c
slark	models/heroes/slark/shoulder.vmdl_c
slark	models/heroes/slark/slark_fish_chunks.vmdl_c
slark	models/heroes/slark/weapon.vmdl_c
snapfire	models/heroes/snapfire/snapfire_armor.vmdl_c
snapfire	models/heroes/snapfire/snapfire_armor_crownfall_artillery.vmdl_c
snapfire	models/heroes/snapfire/snapfire_body.vmdl_c
snapfire	models/heroes/snapfire/snapfire_crownfall.vmdl_c
snapfire	models/heroes/snapfire/snapfire_customgame.vmdl_c
snapfire	models/heroes/snapfire/snapfire_hair.vmdl_c
snapfire	models/heroes/snapfire/snapfire_mount.vmdl_c
snapfire	models/heroes/snapfire/snapfire_weapon.vmdl_c
sniper	models/heroes/sniper/bracer.vmdl_c
sniper	models/heroes/sniper/cape.vmdl_c
sniper	models/heroes/sniper/concussive_grenade.vmdl_c
sniper	models/heroes/sniper/headitem.vmdl_c
sniper	models/heroes/sniper/shoulder.vmdl_c
sniper	models/heroes/sniper/weapon.vmdl_c
spectre	models/heroes/spectre/spectre_dress.vmdl_c
spectre	models/heroes/spectre/spectre_hat.vmdl_c
spectre	models/heroes/spectre/spectre_weapon.vmdl_c
spectre	models/heroes/spectre/spectre_wings.vmdl_c
spirit_breaker	models/heroes/spirit_breaker/spirit_breaker_bracers.vmdl_c
spirit_breaker	models/heroes/spirit_breaker/spirit_breaker_head.vmdl_c
spirit_breaker	models/heroes/spirit_breaker/spirit_breaker_horns.vmdl_c
spirit_breaker	models/heroes/spirit_breaker/spirit_breaker_lower_armor.vmdl_c
spirit_breaker	models/heroes/spirit_breaker/spirit_breaker_shoulders.vmdl_c
spirit_breaker	models/heroes/spirit_breaker/spirit_breaker_tail.vmdl_c
spirit_breaker	models/heroes/spirit_breaker/spirit_breaker_weapon.vmdl_c
storm_spirit	models/heroes/storm_spirit/storm_hat.vmdl_c
storm_spirit	models/heroes/storm_spirit/storm_shirt.vmdl_c
storm_spirit	models/heroes/storm_spirit/storm_shoulder.vmdl_c
sven	models/heroes/sven/gauntlet.vmdl_c
sven	models/heroes/sven/sven_belt.vmdl_c
sven	models/heroes/sven/sven_gauntlet.vmdl_c
sven	models/heroes/sven/sven_mask.vmdl_c
sven	models/heroes/sven/sven_shoulder.vmdl_c
sven	models/heroes/sven/sven_sword.vmdl_c
techies	models/heroes/techies/squee_costume.vmdl_c
techies	models/heroes/techies/techies_barrel.vmdl_c
techies	models/heroes/techies/techies_cart.vmdl_c
techies	models/heroes/techies/techies_spleen_costume.vmdl_c
techies	models/heroes/techies/techies_spleen_weapon.vmdl_c
techies	models/heroes/techies/techies_squee_costume.vmdl_c
templar_assassin	models/heroes/lanaya/lanaya_bracers_skirt.vmdl_c
templar_assassin	models/heroes/lanaya/lanaya_cowl_shoulder.vmdl_c
templar_assassin	models/heroes/lanaya/lanaya_hair.vmdl_c
terrorblade	models/heroes/terrorblade/armor.vmdl_c
terrorblade	models/heroes/terrorblade/horns.vmdl_c
terrorblade	models/heroes/terrorblade/weapon.vmdl_c
terrorblade	models/heroes/terrorblade/wings.vmdl_c
tidehunter	models/heroes/tidehunter/tidehunter_anchor.vmdl_c
tidehunter	models/heroes/tidehunter/tidehunter_belt.vmdl_c
tidehunter	models/heroes/tidehunter/tidehunter_bracer.vmdl_c
tidehunter	models/heroes/tidehunter/tidehunter_fish.vmdl_c
tinker	models/heroes/tinker/tinker_body_head.vmdl_c
tinker	models/heroes/tinker/tinker_cape.vmdl_c
tinker	models/heroes/tinker/tinker_helmet.vmdl_c
tinker	models/heroes/tinker/tinker_left_arm.vmdl_c
tinker	models/heroes/tinker/tinker_right_arm.vmdl_c
tinker	models/heroes/tinker/tinker_shoulders.vmdl_c
treant	models/heroes/treant_protector/foliage.vmdl_c
treant	models/heroes/treant_protector/hands.vmdl_c
treant	models/heroes/treant_protector/head.vmdl_c
treant	models/heroes/treant_protector/legs.vmdl_c
treant	models/heroes/treant_protector/treant_crow.vmdl_c
treant	models/heroes/treant_protector/treant_eyes.vmdl_c
treant	models/heroes/treant_protector/treant_ground_root.vmdl_c
treant	models/heroes/treant_protector/treant_growing_vines.vmdl_c
troll_warlord	models/heroes/troll_warlord/troll_warlord_axe_melee_l.vmdl_c
troll_warlord	models/heroes/troll_warlord/troll_warlord_head.vmdl_c
troll_warlord	models/heroes/troll_warlord/troll_warlord_shoulders.vmdl_c
troll_warlord	models/heroes/troll_warlord/troll_warlord_weapons.vmdl_c
tusk	models/heroes/tuskarr/tusk_armor_glove.vmdl_c
tusk	models/heroes/tuskarr/tusk_cowl.vmdl_c
tusk	models/heroes/tuskarr/tusk_hat.vmdl_c
tusk	models/heroes/tuskarr/tusk_horns.vmdl_c
tusk	models/heroes/tuskarr/tusk_weapon.vmdl_c
tusk	models/heroes/tuskarr/tuskarr_prop.vmdl_c
undying	models/heroes/undying/undying_armor.vmdl_c
undying	models/heroes/undying/undying_belt.vmdl_c
undying	models/heroes/undying/undying_helmet.vmdl_c
ursa	models/heroes/ursa/bracers.vmdl_c
ursa	models/heroes/ursa/fur.vmdl_c
ursa	models/heroes/ursa/helmet.vmdl_c
ursa	models/heroes/ursa/skirt.vmdl_c
vengefulspirit	models/heroes/vengeful/vengeful_hair.vmdl_c
vengefulspirit	models/heroes/vengeful/vengeful_lowerbody_refit.vmdl_c
vengefulspirit	models/heroes/vengeful/vengeful_upperbody.vmdl_c
vengefulspirit	models/heroes/vengeful/vengeful_weapon.vmdl_c
venomancer	models/heroes/venomancer/venomancer_arms.vmdl_c
venomancer	models/heroes/venomancer/venomancer_jaw.vmdl_c
venomancer	models/heroes/venomancer/venomancer_shoulder.vmdl_c
venomancer	models/heroes/venomancer/venomancer_snakebite.vmdl_c
venomancer	models/heroes/venomancer/venomancer_tail.vmdl_c
viper	models/heroes/viper/viper_back.vmdl_c
visage	models/heroes/visage/visage_armor.vmdl_c
visage	models/heroes/visage/visage_familiar.vmdl_c
visage	models/heroes/visage/visage_head.vmdl_c
void_spirit	models/heroes/void_spirit/void_spirit_ar.vmdl_c
void_spirit	models/heroes/void_spirit/void_spirit_armor.vmdl_c
void_spirit	models/heroes/void_spirit/void_spirit_belt.vmdl_c
void_spirit	models/heroes/void_spirit/void_spirit_head.vmdl_c
void_spirit	models/heroes/void_spirit/void_spirit_weapon.vmdl_c
warlock	models/heroes/warlock/warlock_bag.vmdl_c
warlock	models/heroes/warlock/warlock_bracers.vmdl_c
warlock	models/heroes/warlock/warlock_cape.vmdl_c
warlock	models/heroes/warlock/warlock_lantern.vmdl_c
warlock	models/heroes/warlock/warlock_robe.vmdl_c
warlock	models/heroes/warlock/warlock_shoulder.vmdl_c
warlock	models/heroes/warlock/warlock_staff.vmdl_c
weaver	models/heroes/weaver/weaver_antlers.vmdl_c
weaver	models/heroes/weaver/weaver_arms.vmdl_c
weaver	models/heroes/weaver/weaver_beetle.vmdl_c
weaver	models/heroes/weaver/weaver_bug.vmdl_c
weaver	models/heroes/weaver/weaver_head.vmdl_c
weaver	models/heroes/weaver/weaver_legs.vmdl_c
windrunner	models/heroes/windrunner/windrunner_bow.vmdl_c
windrunner	models/heroes/windrunner/windrunner_cape.vmdl_c
windrunner	models/heroes/windrunner/windrunner_head_refit.vmdl_c
windrunner	models/heroes/windrunner/windrunner_quiver.vmdl_c
windrunner	models/heroes/windrunner/windrunner_shoulderpads.vmdl_c
winter_wyvern	models/heroes/winterwyvern/winterwvyern_sfm.vmdl_c
winter_wyvern	models/heroes/winterwyvern/winterwyvern_backitem.vmdl_c
winter_wyvern	models/heroes/winterwyvern/winterwyvern_crown.vmdl_c
witch_doctor	models/heroes/witchdoctor/witchdoctor_bag.vmdl_c
witch_doctor	models/heroes/witchdoctor/witchdoctor_belt.vmdl_c
witch_doctor	models/heroes/witchdoctor/witchdoctor_head.vmdl_c
witch_doctor	models/heroes/witchdoctor/witchdoctor_skull.vmdl_c
witch_doctor	models/heroes/witchdoctor/witchdoctor_staff.vmdl_c
zuus	models/heroes/zeus/zeus_belt.vmdl_c
zuus	models/heroes/zeus/zeus_bracers.vmdl_c
zuus	models/heroes/zeus/zeus_hair.vmdl_c
zuus	models/heroes/zeus/zeus_vest.vmdl_c
